,Readout Error,Readout Duration
0,0.0070999999999999,640.0
1,0.0097,640.0
2,0.0149,640.0
3,0.0077,640.0
4,0.0201,640.0
5,0.0571999999999999,640.0
6,0.0199,640.0
7,0.0232999999999999,640.0
8,0.0332,640.0
9,0.0222999999999999,640.0
10,0.0458,640.0
11,0.1265,640.0
12,0.0073,640.0
13,0.0097,640.0
14,0.0772999999999999,640.0
15,0.0068,640.0
16,0.0143999999999999,640.0
17,0.0041999999999999,640.0
18,0.0118,640.0
19,0.0403999999999999,640.0
20,0.0172999999999999,640.0
21,0.006,640.0
22,0.0406999999999999,640.0
23,0.0064999999999999,640.0
24,0.0089,640.0
25,0.0055,640.0
26,0.0423999999999999,640.0
27,0.0112999999999999,856.8888888888888
28,0.006,856.8888888888888
29,0.006,856.8888888888888
30,0.0142999999999999,856.8888888888888
31,0.0048999999999999,856.8888888888888
32,0.0077,856.8888888888888
33,0.0064999999999999,856.8888888888888
34,0.0099,856.8888888888888
35,0.0065999999999999,856.8888888888888
36,0.0096,856.8888888888888
37,0.0147999999999999,856.8888888888888
38,0.0082999999999999,856.8888888888888
39,0.0093,856.8888888888888
40,0.0096,856.8888888888888
41,0.0873999999999999,856.8888888888888
42,0.015,856.8888888888888
43,0.2376,856.8888888888888
44,0.0078,856.8888888888888
45,0.0151,856.8888888888888
46,0.2220999999999999,856.8888888888888
47,0.0350999999999999,856.8888888888888
48,0.0203999999999999,856.8888888888888
49,0.0097,856.8888888888888
50,0.0095,856.8888888888888
51,0.0068,856.8888888888888
52,0.0146999999999999,856.8888888888888
53,0.0683,856.8888888888888
54,0.032,4000.0
55,0.0178,4000.0
56,0.0138,4000.0
57,0.021,4000.0
58,0.0161,4000.0
59,0.0085999999999999,4000.0
60,0.0141999999999999,4000.0
61,0.0165999999999999,4000.0
62,0.0155,4000.0
63,0.0061999999999999,4000.0
64,0.0153,4000.0
65,0.0185999999999999,4000.0
66,0.0085999999999999,4000.0
67,0.0203999999999999,4000.0
68,0.0171999999999999,4000.0
69,0.0084999999999999,4000.0
70,0.0155999999999999,4000.0
71,0.0197,4000.0
72,0.0123999999999999,4000.0
73,0.0422,4000.0
74,0.0143999999999999,4000.0
75,0.0088999999999999,4000.0
76,0.0139,4000.0
77,0.0141999999999999,4000.0
78,0.0865,4000.0
79,0.0823,4000.0
80,0.0107999999999999,4000.0
81,0.0522,4000.0
82,0.0207999999999999,4000.0
83,0.0397,4000.0
84,0.0066,4000.0
85,0.0050999999999999,4000.0
86,0.0078,4000.0
87,0.0114,4000.0
88,0.0381,4000.0
89,0.0148,4000.0
90,0.0242,4000.0
91,0.0080999999999999,4000.0
92,0.0146999999999999,4000.0
93,0.0528999999999999,4000.0
94,0.0126999999999999,4000.0
95,0.0067999999999999,4000.0
96,0.0091999999999999,4000.0
97,0.0218,4000.0
98,0.0195999999999999,4000.0
99,0.0527999999999999,4000.0
100,0.0171999999999999,4000.0
101,0.0059,4000.0
102,0.0151999999999999,4000.0
103,0.0111999999999999,4000.0
104,0.0162999999999999,4000.0
105,0.0127,4000.0
106,0.0079,4000.0
107,0.0117,4000.0
108,0.0171,4000.0
109,0.0103999999999999,4000.0
110,0.015,4000.0
111,0.0194999999999999,4000.0
112,0.0084999999999999,4000.0
113,0.0161,4000.0
114,0.0369999999999999,4000.0
115,0.0548999999999999,4000.0
116,0.0124999999999999,4000.0
117,0.011,4000.0
118,0.0066999999999999,4000.0
119,0.0151999999999999,4000.0
120,0.0105999999999999,4000.0
121,0.058,4000.0
122,0.0402,4000.0
123,0.0107,4000.0
124,0.0748999999999999,4000.0
125,0.0159,4000.0
126,0.0107,4000.0
127,0.0086999999999999,4000.0
128,0.0098,4000.0
129,0.0090999999999999,4000.0
130,0.0221,4000.0
131,0.0585999999999999,4000.0
132,0.1152999999999999,4000.0
133,0.0106999999999999,4000.0
134,0.0213,4000.0
135,0.0181,4000.0
136,0.0114,4000.0
137,0.0110999999999999,4000.0
138,0.0129,4000.0
139,0.0125999999999999,4000.0
140,0.0525999999999999,4000.0
141,0.0221999999999999,4000.0
142,0.0075,4000.0
143,0.0086999999999999,4000.0
144,0.0099,4000.0
145,0.0307999999999999,4000.0
146,0.0072999999999999,4000.0
147,0.0272999999999999,4000.0
148,0.0108,4000.0
149,0.0100999999999999,4000.0
150,0.0448999999999999,4000.0
151,0.009,4000.0
152,0.0135,4000.0
153,0.0082999999999999,4000.0
154,0.0136,4000.0
155,0.0333999999999999,4000.0
156,0.0315,4000.0
157,0.0122999999999999,4000.0
158,0.0145999999999999,4000.0
159,0.0062999999999999,4000.0
160,0.0194999999999999,4000.0
161,0.0248999999999999,4000.0
162,0.0077,4000.0
163,0.0175,4000.0
164,0.0114,4000.0
165,0.0131,4000.0
166,0.008,4000.0
167,0.0086999999999999,4000.0
168,0.0485999999999999,4000.0
169,0.0115,4000.0
170,0.0214999999999999,4000.0
171,0.0138,4000.0
172,0.0059,4000.0
173,0.1011999999999999,4000.0
174,0.0321,4000.0
175,0.0253999999999999,4000.0
176,0.0151,4000.0
177,0.0242999999999999,4000.0
178,0.0080999999999999,4000.0
179,0.0089,4000.0
180,0.0083999999999999,4000.0
181,0.0017,1244.4444444444443
182,0.0049,1244.4444444444443
183,0.0077,1244.4444444444443
184,0.0112999999999999,1244.4444444444443
185,0.0110999999999999,1244.4444444444443
186,0.0050999999999999,1244.4444444444443
187,0.0035,1244.4444444444443
188,0.01,1244.4444444444443
189,0.0026999999999999,1244.4444444444443
190,0.0141999999999999,1244.4444444444443
191,0.0064999999999999,1244.4444444444443
192,0.0470999999999999,1244.4444444444443
193,0.011,1244.4444444444443
194,0.012,1244.4444444444443
195,0.0095,1244.4444444444443
196,0.0222999999999999,1244.4444444444443
197,0.0103999999999999,1244.4444444444443
198,0.0251,1244.4444444444443
199,0.0024999999999999,1244.4444444444443
200,0.0038,1244.4444444444443
201,0.023,1244.4444444444443
202,0.014,1244.4444444444443
203,0.0044999999999999,1244.4444444444443
204,0.0141,1244.4444444444443
205,0.0012999999999999,1244.4444444444443
206,0.0078,1244.4444444444443
207,0.0082999999999999,1244.4444444444443
208,0.0681,1244.4444444444443
209,0.013,1244.4444444444443
210,0.024,1244.4444444444443
211,0.0341,1244.4444444444443
212,0.0071999999999999,1244.4444444444443
213,0.0099,1244.4444444444443
214,0.003,1244.4444444444443
215,0.0039,1244.4444444444443
216,0.0107999999999999,1244.4444444444443
217,0.0089,1244.4444444444443
218,0.006,1244.4444444444443
219,0.1065,1244.4444444444443
220,0.0079,1244.4444444444443
221,0.0089,1244.4444444444443
222,0.0020999999999999,1244.4444444444443
223,0.0042999999999999,1244.4444444444443
224,0.0026999999999999,1244.4444444444443
225,0.0323999999999999,1244.4444444444443
226,0.0027999999999999,1244.4444444444443
227,0.0133,1244.4444444444443
228,0.0546999999999999,1244.4444444444443
229,0.0029,1244.4444444444443
230,0.0942,1244.4444444444443
231,0.0086,1244.4444444444443
232,0.016,1244.4444444444443
233,0.0165999999999999,1244.4444444444443
234,0.0050999999999999,1244.4444444444443
235,0.0081999999999999,1244.4444444444443
236,0.0472,1244.4444444444443
237,0.0053,1244.4444444444443
238,0.0057,1244.4444444444443
239,0.0089999999999998,1244.4444444444443
240,0.0021999999999999,1244.4444444444443
241,0.1757999999999999,1244.4444444444443
242,0.2501,1244.4444444444443
243,0.0198,1244.4444444444443
244,0.0042999999999999,1244.4444444444443
245,0.005,1244.4444444444443
246,0.002,1244.4444444444443
247,0.1256,1244.4444444444443
248,0.0748999999999999,1244.4444444444443
249,0.1099,1244.4444444444443
250,0.0263999999999999,1244.4444444444443
251,0.0051999999999999,1244.4444444444443
252,0.0162999999999999,1244.4444444444443
253,0.0017,1244.4444444444443
254,0.0047,1244.4444444444443
255,0.0239,1244.4444444444443
256,0.003,1244.4444444444443
257,0.0047999999999999,1244.4444444444443
258,0.0033,1244.4444444444443
259,0.0051999999999999,1244.4444444444443
260,0.1472,1244.4444444444443
261,0.3729,1244.4444444444443
262,0.0151,1244.4444444444443
263,0.0117,1244.4444444444443
264,0.0117,1244.4444444444443
265,0.0161999999999999,1244.4444444444443
266,0.0119,1244.4444444444443
267,0.0164999999999999,1244.4444444444443
268,0.0069,1244.4444444444443
269,0.0091999999999999,1244.4444444444443
270,0.0314999999999999,1244.4444444444443
271,0.0034,1244.4444444444443
272,0.0470999999999999,1244.4444444444443
273,0.0022999999999999,1244.4444444444443
274,0.0213999999999999,1244.4444444444443
275,0.0063999999999999,1244.4444444444443
276,0.0077,1244.4444444444443
277,0.0029,1244.4444444444443
278,0.0034,1244.4444444444443
279,0.0171,1244.4444444444443
280,0.0131,1244.4444444444443
281,0.0098,1244.4444444444443
282,0.0024999999999999,1244.4444444444443
283,0.0348999999999999,1244.4444444444443
284,0.0036,1244.4444444444443
285,0.0452999999999998,1244.4444444444443
286,0.0337,1244.4444444444443
287,0.1207,1244.4444444444443
288,0.0026999999999999,1244.4444444444443
289,0.0093999999999999,1244.4444444444443
290,0.0209,1244.4444444444443
291,0.0190999999999998,1244.4444444444443
292,0.0137,1244.4444444444443
293,0.0254,1244.4444444444443
294,0.0159,1244.4444444444443
295,0.0116,1244.4444444444443
296,0.0037,1244.4444444444443
297,0.0035,1244.4444444444443
298,0.0104999999999999,1244.4444444444443
299,0.0021999999999999,1244.4444444444443
300,0.0030999999999999,1244.4444444444443
301,0.003,1244.4444444444443
302,0.0689999999999999,1244.4444444444443
303,0.0077,1244.4444444444443
304,0.1130999999999999,1244.4444444444443
305,0.0079,1244.4444444444443
306,0.0626999999999999,1244.4444444444443
307,0.0039,1244.4444444444443
308,0.0103999999999999,4000.0
309,0.0322999999999999,4000.0
310,0.028,4000.0
311,0.0482,4000.0
312,0.0337,4000.0
313,0.0282,4000.0
314,0.0262,4000.0
315,0.0045999999999999,4000.0
316,0.0335,4000.0
317,0.2694999999999999,4000.0
318,0.0136,4000.0
319,0.0549999999999999,4000.0
320,0.0063999999999999,4000.0
321,0.0090999999999999,4000.0
322,0.0023999999999999,4000.0
323,0.0090999999999999,4000.0
324,0.1956999999999999,4000.0
325,0.0136,4000.0
326,0.0062999999999999,4000.0
327,0.0267999999999999,4000.0
328,0.0644,4000.0
329,0.0469999999999999,4000.0
330,0.0125999999999999,4000.0
331,0.0376999999999999,4000.0
332,0.0398,4000.0
333,0.0223999999999999,4000.0
334,0.0317,4000.0
335,0.0386999999999999,4000.0
336,0.1240999999999999,4000.0
337,0.0191,4000.0
338,0.1899999999999999,4000.0
339,0.0227999999999999,4000.0
340,0.0107,4000.0
341,0.0722,4000.0
342,0.0266999999999999,4000.0
343,0.1709,4000.0
344,0.0059,4000.0
345,0.0677999999999999,4000.0
346,0.0151999999999999,4000.0
347,0.0387999999999999,4000.0
348,0.0367999999999999,4000.0
349,0.0510999999999999,4000.0
350,0.039,4000.0
351,0.0184999999999999,4000.0
352,0.0159,4000.0
353,0.0670999999999999,4000.0
354,0.008,4000.0
355,0.038,4000.0
356,0.1312999999999999,4000.0
357,0.0367999999999999,4000.0
358,0.0116,4000.0
359,0.0534999999999999,4000.0
360,0.0237,4000.0
361,0.1225,4000.0
362,0.0544,4000.0
363,0.0092999999999999,4000.0
364,0.0608999999999999,4000.0
365,0.0928999999999999,4000.0
366,0.1193999999999999,4000.0
367,0.0548999999999999,4000.0
368,0.0556,4000.0
369,0.0775,4000.0
370,0.0825,4000.0
371,0.0101999999999999,4000.0
372,0.0191999999999999,4000.0
373,0.0464,4000.0
374,0.0176,4000.0
375,0.0932999999999999,4000.0
376,0.0507999999999999,4000.0
377,0.0675,4000.0
378,0.0122999999999999,4000.0
379,0.0080999999999999,4000.0
380,0.0882,4000.0
381,0.0276,4000.0
382,0.0157,4000.0
383,0.0060999999999999,4000.0
384,0.0423,4000.0
385,0.0508999999999999,4000.0
386,0.0141,4000.0
387,0.0297,4000.0
388,0.024,4000.0
389,0.0384999999999999,4000.0
390,0.0044999999999999,4000.0
391,0.0094,4000.0
392,0.0599,4000.0
393,0.0081999999999999,4000.0
394,0.0079,4000.0
395,0.0234999999999999,4000.0
396,0.0594,4000.0
397,0.0076,4000.0
398,0.0124999999999999,4000.0
399,0.0252,4000.0
400,0.0145999999999999,4000.0
401,0.0223999999999999,4000.0
402,0.0391,4000.0
403,0.0328999999999999,4000.0
404,0.0154999999999999,4000.0
405,0.0080999999999999,4000.0
406,0.0529999999999999,4000.0
407,0.0545999999999999,4000.0
408,0.0569999999999999,4000.0
409,0.0151999999999999,4000.0
410,0.0115,4000.0
411,0.0107999999999999,4000.0
412,0.0028,4000.0
413,0.0188999999999999,4000.0
414,0.0085999999999999,4000.0
415,0.0192999999999999,4000.0
416,0.0630999999999999,4000.0
417,0.0371,4000.0
418,0.0082999999999999,4000.0
419,0.0105999999999999,4000.0
420,0.1253999999999999,4000.0
421,0.0151,4000.0
422,0.024,4000.0
423,0.0062999999999999,4000.0
424,0.0151999999999999,4000.0
425,0.0238,4000.0
426,0.0926,4000.0
427,0.0080999999999999,4000.0
428,0.0317,4000.0
429,0.0083999999999999,4000.0
430,0.0332,4000.0
431,0.016,4000.0
432,0.0081999999999999,4000.0
433,0.0052999999999999,4000.0
434,0.0242,4000.0
435,0.0051999999999999,1244.4444444444443
436,0.0152999999999999,1244.4444444444443
437,0.0196,1244.4444444444443
438,0.0072,1244.4444444444443
439,0.0849999999999999,1244.4444444444443
440,0.0502,1244.4444444444443
441,0.0948,1244.4444444444443
442,0.009,1244.4444444444443
443,0.0334,1244.4444444444443
444,0.0262,1244.4444444444443
445,0.0094,1244.4444444444443
446,0.0113999999999999,1244.4444444444443
447,0.0598999999999999,1244.4444444444443
448,0.031,1244.4444444444443
449,0.0065999999999999,1244.4444444444443
450,0.0465999999999999,1244.4444444444443
451,0.0872999999999999,1244.4444444444443
452,0.0085999999999999,1244.4444444444443
453,0.0226999999999999,1244.4444444444443
454,0.2766999999999999,1244.4444444444443
455,0.0289999999999999,1244.4444444444443
456,0.0322,1244.4444444444443
457,0.0742,1244.4444444444443
458,0.0292,1244.4444444444443
459,0.0354000000000001,1244.4444444444443
460,0.0239,1244.4444444444443
461,0.0053,1244.4444444444443
462,0.0077,1244.4444444444443
463,0.1366666666666667,1244.4444444444443
464,0.0087999999999999,1244.4444444444443
465,0.0076,1244.4444444444443
466,0.0141,1244.4444444444443
467,0.0265999999999999,1244.4444444444443
468,0.0090999999999999,1244.4444444444443
469,0.0487999999999999,1244.4444444444443
470,0.0101999999999999,1244.4444444444443
471,0.0096,1244.4444444444443
472,0.0114,1244.4444444444443
473,0.0254999999999999,1244.4444444444443
474,0.0086999999999999,1244.4444444444443
475,0.0028999999999999,1244.4444444444443
476,0.0056,1244.4444444444443
477,0.0257,1244.4444444444443
478,0.0075,1244.4444444444443
479,0.0032,1244.4444444444443
480,0.0059,1244.4444444444443
481,0.0129,1244.4444444444443
482,0.0113,1244.4444444444443
483,0.0137,1244.4444444444443
484,0.0045999999999999,1244.4444444444443
485,0.0139,1244.4444444444443
486,0.01,1244.4444444444443
487,0.0136,1244.4444444444443
488,0.0544999999999999,1244.4444444444443
489,0.0048,1244.4444444444443
490,0.0102999999999999,1244.4444444444443
491,0.0206999999999999,1244.4444444444443
492,0.03,1244.4444444444443
493,0.0356,1244.4444444444443
494,0.0059,1244.4444444444443
495,0.0115,1244.4444444444443
496,0.006,1244.4444444444443
497,0.0246999999999999,1244.4444444444443
498,0.006,1244.4444444444443
499,0.0062999999999999,1244.4444444444443
500,0.02,1244.4444444444443
501,0.0053,1244.4444444444443
502,0.0058,1244.4444444444443
503,0.0096,1244.4444444444443
504,0.023,1244.4444444444443
505,0.0067999999999999,1244.4444444444443
506,0.0864,1244.4444444444443
507,0.0454999999999999,1244.4444444444443
508,0.0052,1244.4444444444443
509,0.0042999999999999,1244.4444444444443
510,0.0413,1244.4444444444443
511,0.022,1244.4444444444443
512,0.0076,1244.4444444444443
513,0.0201999999999999,1244.4444444444443
514,0.0056,1244.4444444444443
515,0.0106999999999999,1244.4444444444443
516,0.0040999999999999,1244.4444444444443
517,0.007,1244.4444444444443
518,0.0675,1244.4444444444443
519,0.0049,1244.4444444444443
520,0.0188999999999999,1244.4444444444443
521,0.006,1244.4444444444443
522,0.0083999999999999,1244.4444444444443
523,0.0052999999999999,1244.4444444444443
524,0.0090999999999999,1244.4444444444443
525,0.0065999999999999,1244.4444444444443
526,0.0027999999999999,1244.4444444444443
527,0.011,1244.4444444444443
528,0.0127,1244.4444444444443
529,0.0060999999999999,1244.4444444444443
530,0.0094,1244.4444444444443
531,0.014,1244.4444444444443
532,0.0114,1244.4444444444443
533,0.0133999999999999,1244.4444444444443
534,0.0122999999999999,1244.4444444444443
535,0.0076,1244.4444444444443
536,0.0038,1244.4444444444443
537,0.0124999999999999,1244.4444444444443
538,0.0076,1244.4444444444443
539,0.0027999999999999,1244.4444444444443
540,0.0126999999999999,1244.4444444444443
541,0.0057,1244.4444444444443
542,0.0057,1244.4444444444443
543,0.0116,1244.4444444444443
544,0.026,1244.4444444444443
545,0.0195,1244.4444444444443
546,0.0129,1244.4444444444443
547,0.0077,1244.4444444444443
548,0.0030999999999999,1244.4444444444443
549,0.0102999999999999,1244.4444444444443
550,0.0031000000000001,1244.4444444444443
551,0.0077,1244.4444444444443
552,0.0077,1244.4444444444443
553,0.0035,1244.4444444444443
554,0.0059,1244.4444444444443
555,0.0197,1244.4444444444443
556,0.006,1244.4444444444443
557,0.0050999999999999,1244.4444444444443
558,0.0052999999999999,1244.4444444444443
559,0.0043999999999999,1244.4444444444443
560,0.0067,1244.4444444444443
561,0.0040999999999999,1244.4444444444443
562,0.0039,864.0
563,0.0025999999999999,864.0
564,0.0272999999999999,864.0
565,0.0979999999999999,864.0
566,0.3056999999999999,864.0
567,0.0988999999999999,864.0
568,0.0615,864.0
569,0.0118,864.0
570,0.0068,864.0
571,0.2885,864.0
572,0.1366,864.0
573,0.2735000000000001,864.0
574,0.4901,864.0
575,0.0716999999999999,864.0
576,0.0088,864.0
577,0.0084999999999999,864.0
578,0.0051999999999999,864.0
579,0.0352,864.0
580,0.0544,864.0
581,0.0023999999999999,864.0
582,0.0075,864.0
583,0.0044999999999999,864.0
584,0.0281,864.0
585,0.0141999999999999,864.0
586,0.0406999999999999,864.0
587,0.0096,864.0
588,0.005,864.0
589,0.1064,864.0
590,0.0025999999999999,864.0
591,0.0679,864.0
592,0.0038,864.0
593,0.002,864.0
594,0.0024999999999999,864.0
595,0.0197,864.0
596,0.0104999999999999,864.0
597,0.0017,864.0
598,0.0050999999999999,864.0
599,0.0278,864.0
600,0.0074,864.0
601,0.0561,864.0
602,0.0682,864.0
603,0.0857999999999999,864.0
604,0.0092,864.0
605,0.0109,864.0
606,0.0033999999999999,864.0
607,0.0524,864.0
608,0.0025999999999999,864.0
609,0.006,864.0
610,0.0212999999999999,864.0
611,0.004,864.0
612,0.0281,864.0
613,0.0030999999999999,864.0
614,0.0474,864.0
615,0.0574,864.0
616,0.0122999999999999,864.0
617,0.0035,864.0
618,0.006,864.0
619,0.0161999999999999,864.0
620,0.0467999999999999,864.0
621,0.0151,864.0
622,0.0142999999999999,864.0
623,0.0379,864.0
624,0.0075,864.0
625,0.0484,864.0
626,0.0255,864.0
627,0.0038,864.0
628,0.0135,864.0
629,0.0966,864.0
630,0.0064999999999999,864.0
631,0.0077,864.0
632,0.0054,864.0
633,0.1007,864.0
634,0.0062999999999999,864.0
635,0.0021999999999999,864.0
636,0.0732,864.0
637,0.0059,864.0
638,0.002,864.0
639,0.0871999999999999,864.0
640,0.0039,864.0
641,0.0243999999999999,864.0
642,0.1268,864.0
643,0.009,864.0
644,0.0289,864.0
645,0.0254999999999999,864.0
646,0.0038,864.0
647,0.0061999999999999,864.0
648,0.0077,864.0
649,0.0273999999999999,864.0
650,0.0441,864.0
651,0.0077,864.0
652,0.0045999999999999,864.0
653,0.159,864.0
654,0.0026999999999999,864.0
655,0.0035,864.0
656,0.016,864.0
657,0.1840999999999999,864.0
658,0.0477,864.0
659,0.0090999999999999,864.0
660,0.0346999999999999,864.0
661,0.0729999999999999,864.0
662,0.0184999999999999,864.0
663,0.0097,864.0
664,0.0048,864.0
665,0.0351,864.0
666,0.0099,864.0
667,0.0107,864.0
668,0.0079,864.0
669,0.003,864.0
670,0.0669999999999999,864.0
671,0.469,864.0
672,0.0786,864.0
673,0.0021999999999999,864.0
674,0.0499,864.0
675,0.0316,864.0
676,0.0847,864.0
677,0.0099,864.0
678,0.002,864.0
679,0.0018,864.0
680,0.046,864.0
681,0.0105999999999999,864.0
682,0.0041999999999999,864.0
683,0.0132999999999999,864.0
684,0.0026999999999999,864.0
685,0.0034,864.0
686,0.0192999999999999,864.0
687,0.0046999999999999,864.0
688,0.006,864.0
